Variable,responsible_social_contribution,academic_performance,alternative_factors,relation_with_school,child_relation_with_school,school_type,house_environment,control_predictor_trad
responsible_social_contribution,1,0.2355699722836201,0.2669732768891481,-0.006833995563773974,0.12151656122811144,0.016694406912317227,0.28805171820482334,0.22162672261708713
academic_performance,0.2355699722836201,1,0.5436959980599616,0.026320432455847705,0.5114284074710519,0.018127806452553456,0.53753445387071,0.4689803919675326
alternative_factors,0.2669732768891481,0.5436959980599616,1,0.13479522890295126,0.43446482341297504,0.38559078550728687,0.9204812374378848,0.44895451320373264
relation_with_school,-0.006833995563773974,0.026320432455847705,0.13479522890295126,1,0.02320128334043147,-0.09033365266153935,-0.030820358231148662,-0.03041423392308679
child_relation_with_school,0.12151656122811144,0.5114284074710519,0.43446482341297504,0.02320128334043147,1,-0.0049685268453312,0.3326966798387417,0.28069760285398343
school_type,0.016694406912317227,0.018127806452553456,0.38559078550728687,-0.09033365266153935,-0.0049685268453312,1,0.08288993957805242,0.10830564182372361
house_environment,0.28805171820482334,0.53753445387071,0.9204812374378848,-0.030820358231148662,0.3326966798387417,0.08288993957805242,1,0.4436939663761369
control_predictor_trad,0.22162672261708713,0.4689803919675326,0.44895451320373264,-0.03041423392308679,0.28069760285398343,0.10830564182372361,0.4436939663761369,1
