"Variable","Coefficient","Std_Error","t_value","p_value","Significance"
"(Intercept)",0.0827196477794957,0.00217720185823214,37.9935592406039,1.96574697813548e-309,"***"
"relation_with_school",-0.00974775556358555,0.00944760827321323,-1.03176965870011,0.302187311676397,""
"gender_f_Female",0.106911866060105,0.00233202832529706,45.8450117866753,0,"***"
"urban_rural_f_Rural",-0.0674620825742581,0.0023333548547938,-28.9120544334092,1.28053394172393e-181,"***"
"work_type_f_Business",-0.0180537975192259,0.00265663586193113,-6.79573658472805,1.09520352352655e-11,"***"
"R-squared",0.0744873599202291,NA,NA,NA,""
"Adj. R-squared",0.0743794189761139,NA,NA,NA,""
"F-statistic",690.075119601799,NA,NA,NA,""
"Observations",34302,NA,NA,NA,""
