"Variable","Coefficient","Std_Error","t_value","p_value","Significance"
"(Intercept)",0.0290606491612873,0.00127332794124107,22.8225959865161,1.95237650567906e-114,"***"
"academic_performance",0.0677804427323908,0.00236645394648222,28.6421981011495,2.53698678203827e-178,"***"
"control_predictor_trad",0.0330014329280771,0.00136452107619626,24.1853596135517,3.7664553164835e-128,"***"
"R-squared",0.0713306435675603,NA,NA,NA,""
"Adj. R-squared",0.0712764921721009,NA,NA,NA,""
"F-statistic",1317.24479050458,NA,NA,NA,""
"Observations",34302,NA,NA,NA,""
