"Variable","Coefficient","Std_Error","t_value","p_value","Significance"
"(Intercept)",0.0174678356487188,0.00133321309429644,13.10205827069,3.97936584096983e-39,"***"
"academic_performance",0.0386939093692772,0.00258383000764975,14.9754083104225,1.53644658023296e-50,"***"
"alternative_factors",0.231350163196975,0.00867542740433774,26.6672928507591,4.32387426788706e-155,"***"
"control_predictor_trad",0.0232362773740652,0.00139937160026157,16.6047941588367,1.12095939530204e-61,"***"
"R-squared",0.0901948038275494,NA,NA,NA,""
"Adj. R-squared",0.0901152243888498,NA,NA,NA,""
"F-statistic",1133.39331492487,NA,NA,NA,""
"Observations",34302,NA,NA,NA,""
