"Variable","Coefficient","Std_Error","t_value","p_value","Significance"
"(Intercept)",0.0277504418557995,0.00237758279315845,11.6717036881542,2.03914209166483e-31,"***"
"alternative_factors",0.351409977077162,0.00710471684463906,49.461503499935,0,"***"
"gender_f_Female",0.108495077284673,0.00225322146238804,48.1510934880261,0,"***"
"urban_rural_f_Rural",-0.0383269195154215,0.00233000350967848,-16.4492969028662,1.44844018361057e-60,"***"
"work_type_f_Business",-0.0203002359233944,0.00256707430101754,-7.90792690158903,2.69512348678264e-15,"***"
"R-squared",0.136082740585713,NA,NA,NA,""
"Adj. R-squared",0.135981983404687,NA,NA,NA,""
"F-statistic",1350.60091201108,NA,NA,NA,""
"Observations",34302,NA,NA,NA,""
