"Variable","Coefficient","Std_Error","t_value","p_value","Significance"
"(Intercept)",0.0171791432914481,0.0013157241159387,13.056797457263,7.19639446415611e-39,"***"
"relation_with_school",0.0009788832087265,0.00944585565009362,0.103630972670729,0.917462813278096,""
"child_relation_with_school",0.0654087426509031,0.0125357260586354,5.21778653625293,1.82125651553861e-07,"***"
"school_type",-0.00640005021506341,0.0053378113731001,-1.19900269374756,0.230535182019741,""
"house_environment",0.112122046032754,0.0022122405669539,50.6825739061182,0,"***"
"R-squared",0.0837550601134538,NA,NA,NA,""
"Adj. R-squared",0.0836482000452394,NA,NA,NA,""
"F-statistic",783.782581398708,NA,NA,NA,""
"Observations",34302,NA,NA,NA,""
