responsible_social_contribution,academic_performance,relation_with_school,child_relation_with_school,school_type,house_environment,alternative_factors
0.7386075793263063,1.2012892482450483,0,0.12974000886360154,0,1.0260412425805534,0.28894531286103875
0.7063234816626824,1.569959189686806,0,0.12974000886360154,0,1.0260412425805534,0.28894531286103875
0.5275148935509103,0.40017528275234754,0,0.08722395379081115,0,1.0260412425805534,0.2783162990928411
0.7063234816626824,1.2012892482450483,0,0.12974000886360154,0,1.0260412425805534,0.28894531286103875
0.47284668092033644,-0.12914362169034682,0,0.01636386200282714,0,1.0260412425805534,0.26060127614584516
-0.4340736400117623,0.3576592276795571,0,0.05887991707561754,0,0.6227394588517747,0.17040484398184808
